[
    {
        "LocationCode": "BFSO2",
        "RestrictedTimeStart": "21:00",
        "RestrictedTimeEnd": "6:00",
        "PlanLocationId": "000d5a47-26a6-4271-bfdb-644ebb0a16fb"
    },
    {
        "LocationCode": "EFSO2",
        "RestrictedTimeStart": "21:00",
        "RestrictedTimeEnd": "6:00",
        "PlanLocationId": "000d5a47-26a6-4271-bfdb-644ebb0a16fb"
    },
    {
        "LocationCode": "PLFSO",
        "RestrictedTimeStart": "21:00",
        "RestrictedTimeEnd": "6:00",
        "PlanLocationId": "000d5a47-26a6-4271-bfdb-644ebb0a16fb"
    },
    {
        "LocationCode": "PSB JETTY",
        "RestrictedTimeStart": "0:00",
        "RestrictedTimeEnd": "6:00",
        "PlanLocationId": "000d5a47-26a6-4271-bfdb-644ebb0a16fb"
    },
    {
        "LocationCode": "SAT JETTY",
        "RestrictedTimeStart": "0:00",
        "RestrictedTimeEnd": "8:00",
        "PlanLocationId": "000d5a47-26a6-4271-bfdb-644ebb0a16fb"
    },
    {
        "LocationCode": "TAWA",
        "RestrictedTimeStart": "18:00",
        "RestrictedTimeEnd": "6:00",
        "PlanLocationId": "000d5a47-26a6-4271-bfdb-644ebb0a16fb"
    },
    {
        "LocationCode": "TAWB",
        "RestrictedTimeStart": "18:00",
        "RestrictedTimeEnd": "6:00",
        "PlanLocationId": "000d5a47-26a6-4271-bfdb-644ebb0a16fb"
    },
    {
        "LocationCode": "TAWC",
        "RestrictedTimeStart": "18:00",
        "RestrictedTimeEnd": "6:00",
        "PlanLocationId": "000d5a47-26a6-4271-bfdb-644ebb0a16fb"
    },
    {
        "LocationCode": "TAWD",
        "RestrictedTimeStart": "18:00",
        "RestrictedTimeEnd": "6:00",
        "PlanLocationId": "000d5a47-26a6-4271-bfdb-644ebb0a16fb"
    },
    {
        "LocationCode": "TAWE",
        "RestrictedTimeStart": "18:00",
        "RestrictedTimeEnd": "6:00",
        "PlanLocationId": "000d5a47-26a6-4271-bfdb-644ebb0a16fb"
    },
    {
        "LocationCode": "TAWH",
        "RestrictedTimeStart": "18:00",
        "RestrictedTimeEnd": "6:00",
        "PlanLocationId": "000d5a47-26a6-4271-bfdb-644ebb0a16fb"
    },
    {
        "LocationCode": "TAWK",
        "RestrictedTimeStart": "18:00",
        "RestrictedTimeEnd": "6:00",
        "PlanLocationId": "000d5a47-26a6-4271-bfdb-644ebb0a16fb"
    },
    {
        "LocationCode": "TAWL",
        "RestrictedTimeStart": "18:00",
        "RestrictedTimeEnd": "6:00",
        "PlanLocationId": "000d5a47-26a6-4271-bfdb-644ebb0a16fb"
    },
    {
        "LocationCode": "NJWA",
        "RestrictedTimeStart": "18:00",
        "RestrictedTimeEnd": "6:00",
        "PlanLocationId": "000d5a47-26a6-4271-bfdb-644ebb0a16fb"
    },
    {
        "LocationCode": "NJWR",
        "RestrictedTimeStart": "18:00",
        "RestrictedTimeEnd": "6:00",
        "PlanLocationId": "000d5a47-26a6-4271-bfdb-644ebb0a16fb"
    },
    {
        "LocationCode": "BEWQ",
        "RestrictedTimeStart": "18:00",
        "RestrictedTimeEnd": "6:00",
        "PlanLocationId": "000d5a47-26a6-4271-bfdb-644ebb0a16fb"
    },
    {
        "LocationCode": "BEWI",
        "RestrictedTimeStart": "18:00",
        "RestrictedTimeEnd": "6:00",
        "PlanLocationId": "000d5a47-26a6-4271-bfdb-644ebb0a16fb"
    },
    {
        "LocationCode": "MAWA",
        "RestrictedTimeStart": "18:00",
        "RestrictedTimeEnd": "6:00",
        "PlanLocationId": "000d5a47-26a6-4271-bfdb-644ebb0a16fb"
    },
    {
        "LocationCode": "BAWE",
        "RestrictedTimeStart": "18:00",
        "RestrictedTimeEnd": "6:00",
        "PlanLocationId": "000d5a47-26a6-4271-bfdb-644ebb0a16fb"
    },
    {
        "LocationCode": "ERWK",
        "RestrictedTimeStart": "18:00",
        "RestrictedTimeEnd": "6:00",
        "PlanLocationId": "000d5a47-26a6-4271-bfdb-644ebb0a16fb"
    },
    {
        "LocationCode": "ERWQ",
        "RestrictedTimeStart": "18:00",
        "RestrictedTimeEnd": "6:00",
        "PlanLocationId": "000d5a47-26a6-4271-bfdb-644ebb0a16fb"
    },
    {
        "LocationCode": "BAWA",
        "RestrictedTimeStart": "18:00",
        "RestrictedTimeEnd": "6:00",
        "PlanLocationId": "000d5a47-26a6-4271-bfdb-644ebb0a16fb"
    },
    {
        "LocationCode": "BAWC",
        "RestrictedTimeStart": "18:00",
        "RestrictedTimeEnd": "6:00",
        "PlanLocationId": "000d5a47-26a6-4271-bfdb-644ebb0a16fb"
    },
    {
        "LocationCode": "BAWD",
        "RestrictedTimeStart": "18:00",
        "RestrictedTimeEnd": "6:00",
        "PlanLocationId": "000d5a47-26a6-4271-bfdb-644ebb0a16fb"
    },
    {
        "LocationCode": "BAWF",
        "RestrictedTimeStart": "18:00",
        "RestrictedTimeEnd": "6:00",
        "PlanLocationId": "000d5a47-26a6-4271-bfdb-644ebb0a16fb"
    },
    {
        "LocationCode": "ERWG",
        "RestrictedTimeStart": "18:00",
        "RestrictedTimeEnd": "6:00",
        "PlanLocationId": "000d5a47-26a6-4271-bfdb-644ebb0a16fb"
    },
    {
        "LocationCode": "ERWH",
        "RestrictedTimeStart": "18:00",
        "RestrictedTimeEnd": "6:00",
        "PlanLocationId": "000d5a47-26a6-4271-bfdb-644ebb0a16fb"
    },
    {
        "LocationCode": "ERWI",
        "RestrictedTimeStart": "18:00",
        "RestrictedTimeEnd": "6:00",
        "PlanLocationId": "000d5a47-26a6-4271-bfdb-644ebb0a16fb"
    },
    {
        "LocationCode": "ERWJ",
        "RestrictedTimeStart": "18:00",
        "RestrictedTimeEnd": "6:00",
        "PlanLocationId": "000d5a47-26a6-4271-bfdb-644ebb0a16fb"
    },
    {
        "LocationCode": "ERWL",
        "RestrictedTimeStart": "18:00",
        "RestrictedTimeEnd": "6:00",
        "PlanLocationId": "000d5a47-26a6-4271-bfdb-644ebb0a16fb"
    },
    {
        "LocationCode": "ERWM",
        "RestrictedTimeStart": "18:00",
        "RestrictedTimeEnd": "6:00",
        "PlanLocationId": "000d5a47-26a6-4271-bfdb-644ebb0a16fb"
    },
    {
        "LocationCode": "ERWP",
        "RestrictedTimeStart": "18:00",
        "RestrictedTimeEnd": "6:00",
        "PlanLocationId": "000d5a47-26a6-4271-bfdb-644ebb0a16fb"
    },
    {
        "LocationCode": "ERWR",
        "RestrictedTimeStart": "18:00",
        "RestrictedTimeEnd": "6:00",
        "PlanLocationId": "000d5a47-26a6-4271-bfdb-644ebb0a16fb"
    },
    {
        "LocationCode": "ERWT",
        "RestrictedTimeStart": "18:00",
        "RestrictedTimeEnd": "6:00",
        "PlanLocationId": "000d5a47-26a6-4271-bfdb-644ebb0a16fb"
    },
    {
        "LocationCode": "ERWU",
        "RestrictedTimeStart": "18:00",
        "RestrictedTimeEnd": "6:00",
        "PlanLocationId": "000d5a47-26a6-4271-bfdb-644ebb0a16fb"
    },
    {
        "LocationCode": "ERWV",
        "RestrictedTimeStart": "18:00",
        "RestrictedTimeEnd": "6:00",
        "PlanLocationId": "000d5a47-26a6-4271-bfdb-644ebb0a16fb"
    },
    {
        "LocationCode": "ERWW",
        "RestrictedTimeStart": "18:00",
        "RestrictedTimeEnd": "6:00",
        "PlanLocationId": "000d5a47-26a6-4271-bfdb-644ebb0a16fb"
    },
    {
        "LocationCode": "ERWX",
        "RestrictedTimeStart": "18:00",
        "RestrictedTimeEnd": "6:00",
        "PlanLocationId": "000d5a47-26a6-4271-bfdb-644ebb0a16fb"
    },
    {
        "LocationCode": "ERWY",
        "RestrictedTimeStart": "18:00",
        "RestrictedTimeEnd": "6:00",
        "PlanLocationId": "000d5a47-26a6-4271-bfdb-644ebb0a16fb"
    },
    {
        "LocationCode": "ERWZA",
        "RestrictedTimeStart": "18:00",
        "RestrictedTimeEnd": "6:00",
        "PlanLocationId": "000d5a47-26a6-4271-bfdb-644ebb0a16fb"
    },
    {
        "LocationCode": "ERWZB",
        "RestrictedTimeStart": "18:00",
        "RestrictedTimeEnd": "6:00",
        "PlanLocationId": "000d5a47-26a6-4271-bfdb-644ebb0a16fb"
    },
    {
        "LocationCode": "SAWC",
        "RestrictedTimeStart": "18:00",
        "RestrictedTimeEnd": "6:00",
        "PlanLocationId": "000d5a47-26a6-4271-bfdb-644ebb0a16fb"
    },
    {
        "LocationCode": "SAWG",
        "RestrictedTimeStart": "18:00",
        "RestrictedTimeEnd": "6:00",
        "PlanLocationId": "000d5a47-26a6-4271-bfdb-644ebb0a16fb"
    },
    {
        "LocationCode": "SAWI",
        "RestrictedTimeStart": "18:00",
        "RestrictedTimeEnd": "6:00",
        "PlanLocationId": "000d5a47-26a6-4271-bfdb-644ebb0a16fb"
    },
    {
        "LocationCode": "SAWK",
        "RestrictedTimeStart": "18:00",
        "RestrictedTimeEnd": "6:00",
        "PlanLocationId": "000d5a47-26a6-4271-bfdb-644ebb0a16fb"
    },
    {
        "LocationCode": "SAWM",
        "RestrictedTimeStart": "18:00",
        "RestrictedTimeEnd": "6:00",
        "PlanLocationId": "000d5a47-26a6-4271-bfdb-644ebb0a16fb"
    },
    {
        "LocationCode": "TRWB",
        "RestrictedTimeStart": "18:00",
        "RestrictedTimeEnd": "6:00",
        "PlanLocationId": "000d5a47-26a6-4271-bfdb-644ebb0a16fb"
    },
    {
        "LocationCode": "TRWC",
        "RestrictedTimeStart": "18:00",
        "RestrictedTimeEnd": "6:00",
        "PlanLocationId": "000d5a47-26a6-4271-bfdb-644ebb0a16fb"
    },
    {
        "LocationCode": "TRWD",
        "RestrictedTimeStart": "18:00",
        "RestrictedTimeEnd": "6:00",
        "PlanLocationId": "000d5a47-26a6-4271-bfdb-644ebb0a16fb"
    },
    {
        "LocationCode": "PDWA",
        "RestrictedTimeStart": "18:00",
        "RestrictedTimeEnd": "6:00",
        "PlanLocationId": "000d5a47-26a6-4271-bfdb-644ebb0a16fb"
    },
    {
        "LocationCode": "SAWA",
        "RestrictedTimeStart": "18:00",
        "RestrictedTimeEnd": "6:00",
        "PlanLocationId": "000d5a47-26a6-4271-bfdb-644ebb0a16fb"
    },
    {
        "LocationCode": "SAWB",
        "RestrictedTimeStart": "18:00",
        "RestrictedTimeEnd": "6:00",
        "PlanLocationId": "000d5a47-26a6-4271-bfdb-644ebb0a16fb"
    },
    {
        "LocationCode": "SAWF",
        "RestrictedTimeStart": "18:00",
        "RestrictedTimeEnd": "6:00",
        "PlanLocationId": "000d5a47-26a6-4271-bfdb-644ebb0a16fb"
    },
    {
        "LocationCode": "SAWH",
        "RestrictedTimeStart": "18:00",
        "RestrictedTimeEnd": "6:00",
        "PlanLocationId": "000d5a47-26a6-4271-bfdb-644ebb0a16fb"
    },
    {
        "LocationCode": "SAWO",
        "RestrictedTimeStart": "18:00",
        "RestrictedTimeEnd": "6:00",
        "PlanLocationId": "000d5a47-26a6-4271-bfdb-644ebb0a16fb"
    },
    {
        "LocationCode": "FUWG",
        "RestrictedTimeStart": "18:00",
        "RestrictedTimeEnd": "6:00",
        "PlanLocationId": "000d5a47-26a6-4271-bfdb-644ebb0a16fb"
    },
    {
        "LocationCode": "FUWL",
        "RestrictedTimeStart": "18:00",
        "RestrictedTimeEnd": "6:00",
        "PlanLocationId": "000d5a47-26a6-4271-bfdb-644ebb0a16fb"
    },
    {
        "LocationCode": "FUWM",
        "RestrictedTimeStart": "18:00",
        "RestrictedTimeEnd": "6:00",
        "PlanLocationId": "000d5a47-26a6-4271-bfdb-644ebb0a16fb"
    },
    {
        "LocationCode": "GOWA",
        "RestrictedTimeStart": "18:00",
        "RestrictedTimeEnd": "6:00",
        "PlanLocationId": "000d5a47-26a6-4271-bfdb-644ebb0a16fb"
    },
    {
        "LocationCode": "GOWB",
        "RestrictedTimeStart": "18:00",
        "RestrictedTimeEnd": "6:00",
        "PlanLocationId": "000d5a47-26a6-4271-bfdb-644ebb0a16fb"
    },
    {
        "LocationCode": "JKWB",
        "RestrictedTimeStart": "18:00",
        "RestrictedTimeEnd": "6:00",
        "PlanLocationId": "000d5a47-26a6-4271-bfdb-644ebb0a16fb"
    },
    {
        "LocationCode": "JKWH",
        "RestrictedTimeStart": "18:00",
        "RestrictedTimeEnd": "6:00",
        "PlanLocationId": "000d5a47-26a6-4271-bfdb-644ebb0a16fb"
    },
    {
        "LocationCode": "FUWO",
        "RestrictedTimeStart": "18:00",
        "RestrictedTimeEnd": "6:00",
        "PlanLocationId": "000d5a47-26a6-4271-bfdb-644ebb0a16fb"
    },
    {
        "LocationCode": "JKWF",
        "RestrictedTimeStart": "18:00",
        "RestrictedTimeEnd": "6:00",
        "PlanLocationId": "000d5a47-26a6-4271-bfdb-644ebb0a16fb"
    },
    {
        "LocationCode": "FUWK",
        "RestrictedTimeStart": "18:00",
        "RestrictedTimeEnd": "6:00",
        "PlanLocationId": "000d5a47-26a6-4271-bfdb-644ebb0a16fb"
    },
    {
        "LocationCode": "FUWA",
        "RestrictedTimeStart": "18:00",
        "RestrictedTimeEnd": "6:00",
        "PlanLocationId": "000d5a47-26a6-4271-bfdb-644ebb0a16fb"
    },
    {
        "LocationCode": "JKWE",
        "RestrictedTimeStart": "18:00",
        "RestrictedTimeEnd": "6:00",
        "PlanLocationId": "000d5a47-26a6-4271-bfdb-644ebb0a16fb"
    },
    {
        "LocationCode": "FUWI",
        "RestrictedTimeStart": "18:00",
        "RestrictedTimeEnd": "6:00",
        "PlanLocationId": "000d5a47-26a6-4271-bfdb-644ebb0a16fb"
    },
    {
        "LocationCode": "JKWI",
        "RestrictedTimeStart": "18:00",
        "RestrictedTimeEnd": "6:00",
        "PlanLocationId": "000d5a47-26a6-4271-bfdb-644ebb0a16fb"
    },
    {
        "LocationCode": "FUWN",
        "RestrictedTimeStart": "18:00",
        "RestrictedTimeEnd": "6:00",
        "PlanLocationId": "000d5a47-26a6-4271-bfdb-644ebb0a16fb"
    },
    {
        "LocationCode": "GOWC",
        "RestrictedTimeStart": "18:00",
        "RestrictedTimeEnd": "6:00",
        "PlanLocationId": "000d5a47-26a6-4271-bfdb-644ebb0a16fb"
    },
    {
        "LocationCode": "FUWF",
        "RestrictedTimeStart": "18:00",
        "RestrictedTimeEnd": "6:00",
        "PlanLocationId": "000d5a47-26a6-4271-bfdb-644ebb0a16fb"
    },
    {
        "LocationCode": "JKWD",
        "RestrictedTimeStart": "18:00",
        "RestrictedTimeEnd": "6:00",
        "PlanLocationId": "000d5a47-26a6-4271-bfdb-644ebb0a16fb"
    },
    {
        "LocationCode": "FUWJ",
        "RestrictedTimeStart": "18:00",
        "RestrictedTimeEnd": "6:00",
        "PlanLocationId": "000d5a47-26a6-4271-bfdb-644ebb0a16fb"
    },
    {
        "LocationCode": "NPWF",
        "RestrictedTimeStart": "18:00",
        "RestrictedTimeEnd": "6:00",
        "PlanLocationId": "000d5a47-26a6-4271-bfdb-644ebb0a16fb"
    },
    {
        "LocationCode": "NPWG",
        "RestrictedTimeStart": "18:00",
        "RestrictedTimeEnd": "6:00",
        "PlanLocationId": "000d5a47-26a6-4271-bfdb-644ebb0a16fb"
    },
    {
        "LocationCode": "NPWH",
        "RestrictedTimeStart": "18:00",
        "RestrictedTimeEnd": "6:00",
        "PlanLocationId": "000d5a47-26a6-4271-bfdb-644ebb0a16fb"
    },
    {
        "LocationCode": "NPWI",
        "RestrictedTimeStart": "18:00",
        "RestrictedTimeEnd": "6:00",
        "PlanLocationId": "000d5a47-26a6-4271-bfdb-644ebb0a16fb"
    },
    {
        "LocationCode": "NPWJ",
        "RestrictedTimeStart": "18:00",
        "RestrictedTimeEnd": "6:00",
        "PlanLocationId": "000d5a47-26a6-4271-bfdb-644ebb0a16fb"
    },
    {
        "LocationCode": "NPWK",
        "RestrictedTimeStart": "18:00",
        "RestrictedTimeEnd": "6:00",
        "PlanLocationId": "000d5a47-26a6-4271-bfdb-644ebb0a16fb"
    },
    {
        "LocationCode": "PAWD",
        "RestrictedTimeStart": "18:00",
        "RestrictedTimeEnd": "6:00",
        "PlanLocationId": "000d5a47-26a6-4271-bfdb-644ebb0a16fb"
    },
    {
        "LocationCode": "PAWG",
        "RestrictedTimeStart": "18:00",
        "RestrictedTimeEnd": "6:00",
        "PlanLocationId": "000d5a47-26a6-4271-bfdb-644ebb0a16fb"
    },
    {
        "LocationCode": "PAWI",
        "RestrictedTimeStart": "18:00",
        "RestrictedTimeEnd": "6:00",
        "PlanLocationId": "000d5a47-26a6-4271-bfdb-644ebb0a16fb"
    },
    {
        "LocationCode": "PAWJ",
        "RestrictedTimeStart": "18:00",
        "RestrictedTimeEnd": "6:00",
        "PlanLocationId": "000d5a47-26a6-4271-bfdb-644ebb0a16fb"
    },
    {
        "LocationCode": "KPWB",
        "RestrictedTimeStart": "18:00",
        "RestrictedTimeEnd": "6:00",
        "PlanLocationId": "000d5a47-26a6-4271-bfdb-644ebb0a16fb"
    },
    {
        "LocationCode": "KPWC",
        "RestrictedTimeStart": "18:00",
        "RestrictedTimeEnd": "6:00",
        "PlanLocationId": "000d5a47-26a6-4271-bfdb-644ebb0a16fb"
    },
    {
        "LocationCode": "KPWD",
        "RestrictedTimeStart": "18:00",
        "RestrictedTimeEnd": "6:00",
        "PlanLocationId": "000d5a47-26a6-4271-bfdb-644ebb0a16fb"
    },
    {
        "LocationCode": "KPWE",
        "RestrictedTimeStart": "18:00",
        "RestrictedTimeEnd": "6:00",
        "PlanLocationId": "000d5a47-26a6-4271-bfdb-644ebb0a16fb"
    },
    {
        "LocationCode": "KPWF",
        "RestrictedTimeStart": "18:00",
        "RestrictedTimeEnd": "6:00",
        "PlanLocationId": "000d5a47-26a6-4271-bfdb-644ebb0a16fb"
    },
    {
        "LocationCode": "PLWA",
        "RestrictedTimeStart": "18:00",
        "RestrictedTimeEnd": "6:00",
        "PlanLocationId": "000d5a47-26a6-4271-bfdb-644ebb0a16fb"
    },
    {
        "LocationCode": "PLWB",
        "RestrictedTimeStart": "18:00",
        "RestrictedTimeEnd": "6:00",
        "PlanLocationId": "000d5a47-26a6-4271-bfdb-644ebb0a16fb"
    },
    {
        "LocationCode": "PLWC",
        "RestrictedTimeStart": "18:00",
        "RestrictedTimeEnd": "6:00",
        "PlanLocationId": "000d5a47-26a6-4271-bfdb-644ebb0a16fb"
    },
    {
        "LocationCode": "PLWD",
        "RestrictedTimeStart": "18:00",
        "RestrictedTimeEnd": "6:00",
        "PlanLocationId": "000d5a47-26a6-4271-bfdb-644ebb0a16fb"
    },
    {
        "LocationCode": "PLWF",
        "RestrictedTimeStart": "18:00",
        "RestrictedTimeEnd": "6:00",
        "PlanLocationId": "000d5a47-26a6-4271-bfdb-644ebb0a16fb"
    },
    {
        "LocationCode": "PLWG",
        "RestrictedTimeStart": "18:00",
        "RestrictedTimeEnd": "6:00",
        "PlanLocationId": "000d5a47-26a6-4271-bfdb-644ebb0a16fb"
    },
    {
        "LocationCode": "PLWH",
        "RestrictedTimeStart": "18:00",
        "RestrictedTimeEnd": "6:00",
        "PlanLocationId": "000d5a47-26a6-4271-bfdb-644ebb0a16fb"
    },
    {
        "LocationCode": "PMWB",
        "RestrictedTimeStart": "18:00",
        "RestrictedTimeEnd": "6:00",
        "PlanLocationId": "000d5a47-26a6-4271-bfdb-644ebb0a16fb"
    },
    {
        "LocationCode": "PMWC",
        "RestrictedTimeStart": "18:00",
        "RestrictedTimeEnd": "6:00",
        "PlanLocationId": "000d5a47-26a6-4271-bfdb-644ebb0a16fb"
    },
    {
        "LocationCode": "PMWE",
        "RestrictedTimeStart": "18:00",
        "RestrictedTimeEnd": "6:00",
        "PlanLocationId": "000d5a47-26a6-4271-bfdb-644ebb0a16fb"
    },
    {
        "LocationCode": "PMWF",
        "RestrictedTimeStart": "18:00",
        "RestrictedTimeEnd": "6:00",
        "PlanLocationId": "000d5a47-26a6-4271-bfdb-644ebb0a16fb"
    },
    {
        "LocationCode": "PMWG",
        "RestrictedTimeStart": "18:00",
        "RestrictedTimeEnd": "6:00",
        "PlanLocationId": "000d5a47-26a6-4271-bfdb-644ebb0a16fb"
    },
    {
        "LocationCode": "PMWH",
        "RestrictedTimeStart": "18:00",
        "RestrictedTimeEnd": "6:00",
        "PlanLocationId": "000d5a47-26a6-4271-bfdb-644ebb0a16fb"
    },
    {
        "LocationCode": "PMWI",
        "RestrictedTimeStart": "18:00",
        "RestrictedTimeEnd": "6:00",
        "PlanLocationId": "000d5a47-26a6-4271-bfdb-644ebb0a16fb"
    },
    {
        "LocationCode": "PMWJ",
        "RestrictedTimeStart": "18:00",
        "RestrictedTimeEnd": "6:00",
        "PlanLocationId": "000d5a47-26a6-4271-bfdb-644ebb0a16fb"
    },
    {
        "LocationCode": "PMWK",
        "RestrictedTimeStart": "18:00",
        "RestrictedTimeEnd": "6:00",
        "PlanLocationId": "000d5a47-26a6-4271-bfdb-644ebb0a16fb"
    },
    {
        "LocationCode": "SUWB",
        "RestrictedTimeStart": "18:00",
        "RestrictedTimeEnd": "6:00",
        "PlanLocationId": "000d5a47-26a6-4271-bfdb-644ebb0a16fb"
    },
    {
        "LocationCode": "SUWC",
        "RestrictedTimeStart": "18:00",
        "RestrictedTimeEnd": "6:00",
        "PlanLocationId": "000d5a47-26a6-4271-bfdb-644ebb0a16fb"
    },
    {
        "LocationCode": "SUWD",
        "RestrictedTimeStart": "18:00",
        "RestrictedTimeEnd": "6:00",
        "PlanLocationId": "000d5a47-26a6-4271-bfdb-644ebb0a16fb"
    },
    {
        "LocationCode": "YAWB",
        "RestrictedTimeStart": "18:00",
        "RestrictedTimeEnd": "6:00",
        "PlanLocationId": "000d5a47-26a6-4271-bfdb-644ebb0a16fb"
    },
    {
        "LocationCode": "YAWC",
        "RestrictedTimeStart": "18:00",
        "RestrictedTimeEnd": "6:00",
        "PlanLocationId": "000d5a47-26a6-4271-bfdb-644ebb0a16fb"
    },
    {
        "LocationCode": "YAWD",
        "RestrictedTimeStart": "18:00",
        "RestrictedTimeEnd": "6:00",
        "PlanLocationId": "000d5a47-26a6-4271-bfdb-644ebb0a16fb"
    },
    {
        "LocationCode": "YAWE",
        "RestrictedTimeStart": "18:00",
        "RestrictedTimeEnd": "6:00",
        "PlanLocationId": "000d5a47-26a6-4271-bfdb-644ebb0a16fb"
    },
    {
        "LocationCode": "YAWF",
        "RestrictedTimeStart": "18:00",
        "RestrictedTimeEnd": "6:00",
        "PlanLocationId": "000d5a47-26a6-4271-bfdb-644ebb0a16fb"
    },
    {
        "LocationCode": "YAWG",
        "RestrictedTimeStart": "18:00",
        "RestrictedTimeEnd": "6:00",
        "PlanLocationId": "000d5a47-26a6-4271-bfdb-644ebb0a16fb"
    },
    {
        "LocationCode": "YAWH", 
        "RestrictedTimeStart": "18:00",
        "RestrictedTimeEnd": "6:00",
        "PlanLocationId": "000d5a47-26a6-4271-bfdb-644ebb0a16fb"
    },
    {
        "LocationCode": "YAWI",
        "RestrictedTimeStart": "18:00",
        "RestrictedTimeEnd": "6:00",
        "PlanLocationId": "000d5a47-26a6-4271-bfdb-644ebb0a16fb"
    },
    {
        "LocationCode": "YUWA",
        "RestrictedTimeStart": "18:00",
        "RestrictedTimeEnd": "6:00",
        "PlanLocationId": "000d5a47-26a6-4271-bfdb-644ebb0a16fb"
    },
    {
        "LocationCode": "PMWA",
        "RestrictedTimeStart": "18:00",
        "RestrictedTimeEnd": "6:00",
        "PlanLocationId": "000d5a47-26a6-4271-bfdb-644ebb0a16fb"
    },
    {
        "LocationCode": "PMWD",
        "RestrictedTimeStart": "18:00",
        "RestrictedTimeEnd": "6:00",
        "PlanLocationId": "000d5a47-26a6-4271-bfdb-644ebb0a16fb"
    }
]