{
  "solution": "./cvx.lct.vot.api/cvx.lct.vot.api.sln",
  "buildEnvironment": ".NET22",
  "components": [
    {
      "name": "Logistics Control Tower",
      "projectFile": "./src/cvx.lct.vot.api.csproj",
      "buildEnvironment": ".NET22",
      "environments": {
        "dev": {
          "buildConfig": "Release",
          "buildParameters": ""
        },
        "qa": {
          "buildConfig": "Release",
          "buildParameters": ""
        },
        "test": {
          "buildConfig": "Release",
          "buildParameters": ""
        },
        "prod": {
          "buildConfig": "Release",
          "buildParameters": ""
        }
      }
    }
  ],
  "toolChain": {
    "sonarQubeExclusions": "",
    "fortifyProjectName": "",
    "fortifyProjectVersion": ""
  }
}
