{
	"costElement": "3800H92121",
	"companyCode": "9168",
	"ownerEmail": ["ndvh@chevron.com"],
	"application": {
		"name": "Logistics Control Tower",
		"shortName": "lct",
		"serviceId": "1500000624",
		"artifactPath": "Jenkins-GUS/ASBU-LogisticsControlTower",
		"securityRating": "Tier 3",
		"project": "GUS-ASBU-LogisticsControlTower",
      	"repository": "https://chevron.visualstudio.com/_git/GUS-ASBU-LogisticsControlTower"
	},
	"SQLConnectionName": "dbconn",
	"baseUrl": "lct-api",
	"environments": {
		"prod": {
			"dnsDomain": "azure.chevron.com",
			"azure": {
				"subscription": "08117b8d-b0cf-4b1f-bc4e-45edc90f755f",
				"subscriptionsShortName": "p10th",
				"defaultRegion": "japaneast",
				"resourceGroup": "lct-p10th-20191027",
				"vaultName": "lct-p10th-cvx",
				"appId": "fc646410-2272-42d3-97d4-e08b22ca63f1",
				"clientSecretName": "kvenc:app-secret",
				"provisioningGroup": "cloud-provisioning-azure"
			}
		},
		"qa": {
			"dnsDomain": "azure.chevron.com",
			"azure": {
				"subscription": "6ee10cb9-6015-4cea-a62b-25a29272a1df",
				"subscriptionsShortName": "t10th",
				"defaultRegion": "japaneast",
				"resourceGroup": "lct-t10th-20191027",
				"vaultName": "lct-t10th-cvx",
				"appId": "6fc4e503-41e2-4f0d-a25f-a98fd75389fe",
				"clientSecretName": "kvenc:app-secret",
				"provisioningGroup": "cloud-provisioning-azure"
			}
		},
		"test": {
			"dnsDomain": "azure.chevron.com",
			"azure": {
				"subscription": "6ee10cb9-6015-4cea-a62b-25a29272a1df",
				"subscriptionsShortName": "t10th",
				"defaultRegion": "japaneast",
				"resourceGroup": "lct-t10th-20191027",
				"vaultName": "lct-t10th-cvx",
				"appId": "6fc4e503-41e2-4f0d-a25f-a98fd75389fe",
				"clientSecretName": "kvenc:app-secret",
				"provisioningGroup": "cloud-provisioning-azure"
			}
		},
		"dev": {
			"dnsDomain": "azure.chevron.com",
			"azure": {
				"subscription": "6ee10cb9-6015-4cea-a62b-25a29272a1df",
				"subscriptionsShortName": "t10th",
				"defaultRegion": "japaneast",
				"resourceGroup": "lct-t10th-20191027",
				"vaultName": "lct-t10th-cvx",
				"appId": "6fc4e503-41e2-4f0d-a25f-a98fd75389fe",
				"clientSecretName": "kvenc:app-secret",
				"provisioningGroup": "cloud-provisioning-azure"
			}
		}
	}
}